"Location","MBE","RMSE","MAPE","Pearson_Correlation"
"5.25_100",0.0297583500173897,1.04279592564174,54.3310504590275,0.117324422775468
"5.25_100.25",0.0393531108894092,1.01272434995422,52.6761819804253,0.151628384668981
"5.25_100.50",0.0393531108894092,1.01272434995422,52.6761819804253,0.151628384668981
"5.50_100",0.0297583500173897,1.04279592564174,54.3310504590275,0.117324422775468
"5.50_100.25",0.0393531108894092,1.01272434995422,52.6761819804253,0.151628384668981
"5.50_100.50",0.0393531108894092,1.01272434995422,52.6761819804253,0.151628384668981
"5.75_100",0.0262689772492122,1.01341328768445,51.8019398063649,0.149942030296473
"5.75_100.25",0.0374993143990075,0.985089427595062,49.3715343379194,0.18870473467619
"5.75_100.50",0.0374993143990075,0.985089427595062,49.3715343379194,0.18870473467619
