"Location","MBE","RMSE","MAPE","Pearson_Correlation"
"5.25_100",-0.0107589509127377,3.28922930032554,242.797358793213,0.163481585922389
"5.25_100.25",0.100731480811556,3.54529959724954,249.842087025777,0.172375487506916
"5.25_100.50",0.100731480811556,3.54529959724954,249.842087025777,0.172375487506916
"5.50_100",-0.0107589509127377,3.28922930032554,242.797358793213,0.163481585922389
"5.50_100.25",0.100731480811556,3.54529959724954,249.842087025777,0.172375487506916
"5.50_100.50",0.100731480811556,3.54529959724954,249.842087025777,0.172375487506916
"5.75_100",-0.007354482593045,3.52188412405787,252.574092970317,0.178830721487292
"5.75_100.25",0.0806764757166882,3.15362440096057,225.710171448936,0.190192561084687
"5.75_100.50",0.0806764757166882,3.15362440096057,225.710171448936,0.190192561084687
