"Location","MBE","RMSE","MAPE","Pearson_Correlation"
"5.25_100",0.0293997133216474,1.02309474231291,53.5798787103745,0.136810661526431
"5.25_100.25",0.0426192467233035,1.0093042910992,52.7995993621218,0.151873641327167
"5.25_100.50",0.0426192467233035,1.0093042910992,52.7995993621218,0.151873641327167
"5.50_100",0.0293997133216474,1.02309474231291,53.5798787103745,0.136810661526431
"5.50_100.25",0.0426192467233035,1.0093042910992,52.7995993621218,0.151873641327167
"5.50_100.50",0.0426192467233035,1.0093042910992,52.7995993621218,0.151873641327167
"5.75_100",0.0253446890497769,1.00767965844769,51.7811736885483,0.148828112479354
"5.75_100.25",0.0376197581938096,0.982051275489814,49.3470298431181,0.187493462152039
"5.75_100.50",0.0376197581938096,0.982051275489814,49.3470298431181,0.187493462152039
