"Location","MBE","RMSE","MAPE","Pearson_Correlation"
"5.25_100",0.00173896645520056,4.56648584840716,46.3240860194883,0.0252517558410092
"5.25_100.25",0.0774257643010193,4.78257180369644,49.2830216291489,-0.0674134337394393
"5.25_100.50",0.0774257643010193,4.78257180369644,49.2830216291489,-0.0674134337394393
"5.50_100",0.00173896645520056,4.56648584840716,46.3240860194883,0.0252517558410092
"5.50_100.25",0.0774257643010193,4.78257180369644,49.2830216291489,-0.0674134337394393
"5.50_100.50",0.0774257643010193,4.78257180369644,49.2830216291489,-0.0674134337394393
"5.75_100",-0.0116185243386142,4.46154025027786,43.4426610023919,0.0576973734047024
"5.75_100.25",0.0578054524040686,4.61295728186284,46.759899155266,0.00137436803260187
"5.75_100.50",0.0578054524040686,4.61295728186284,46.759899155266,0.00137436803260187
