"Location","MBE","RMSE","MAPE","Pearson_Correlation"
"Point 1",-0.523543746492388,19.4575677372641,176.178930730927,0.013758674224433
"Point 2",0.0150743548167836,14.9970942695787,150.915611195421,-0.0677397716196599
"Point 3",0.0150743548167836,14.9970942695787,150.915611195421,-0.0677397716196599
"Point 4",-0.523543746492388,19.4575677372641,176.178930730927,0.013758674224433
"Point 5",0.0150743548167836,14.9970942695787,150.915611195421,-0.0677397716196599
"Point 6",0.0150743548167836,14.9970942695787,150.915611195421,-0.0677397716196599
"Point 7",-0.545179825519084,19.4021068218814,175.827075950952,0.0745326884304131
"Point 8",-0.0125539988090076,14.0517084471731,138.605236890854,-0.00142739139820633
"Point 9",-0.0125539988090076,14.0517084471731,138.605236890854,-0.00142739139820633
